{
  "cell_metrics": {
    "DRB.UEThpDl": {
      "min": 0.0,
      "max": 0.5707559585571289,
      "p01": 0.0,
      "p99": 0.4071564495563508,
      "median": 0.06853736937046051,
      "count": 524211
    },
    "DRB.UEThpUl": {
      "min": 0.0,
      "max": 0.5707559585571289,
      "p01": 0.0,
      "p99": 0.4071564495563508,
      "median": 0.06276128441095352,
      "count": 524211
    },
    "RRU.PrbUsedDl": {
      "min": 0.0,
      "max": 273.0,
      "p01": 0.0,
      "p99": 168.35000610351562,
      "median": 41.25,
      "count": 524211
    },
    "RRU.PrbUsedUl": {
      "min": 0.0,
      "max": 273.0,
      "p01": 0.0,
      "p99": 159.25,
      "median": 40.0,
      "count": 524211
    },
    "RRU.PrbAvailDl": {
      "min": 75.0,
      "max": 273.0,
      "p01": 75.0,
      "p99": 273.0,
      "median": 75.0,
      "count": 524211
    },
    "RRU.PrbAvailUl": {
      "min": 75.0,
      "max": 273.0,
      "p01": 75.0,
      "p99": 273.0,
      "median": 75.0,
      "count": 524211
    },
    "RRU.PrbTotDl": {
      "min": 0.0,
      "max": 100.0,
      "p01": 0.0,
      "p99": 100.0,
      "median": 45.0,
      "count": 524211
    },
    "RRU.PrbTotUl": {
      "min": 0.0,
      "max": 100.0,
      "p01": 0.0,
      "p99": 100.0,
      "median": 43.33333206176758,
      "count": 524211
    },
    "PEE.AvgPower": {
      "min": 18.25,
      "max": 358.6261291503906,
      "p01": 21.0,
      "p99": 340.63470458984375,
      "median": 157.41726684570312,
      "count": 524211
    },
    "PEE.Energy_interval": {
      "min": 0.0,
      "max": 0.010424776,
      "p01": 0.00031500000000006523,
      "p99": 0.006163839999997482,
      "median": 0.0024568049999995623,
      "count": 524211
    },
    "RRC.ConnMean": {
      "min": 0.0,
      "max": 8.316666603088379,
      "p01": 0.0,
      "p99": 6.316666603088379,
      "median": 0.5,
      "count": 524211
    },
    "RRC.ConnMax": {
      "min": 0.0,
      "max": 10.0,
      "p01": 2.0,
      "p99": 10.0,
      "median": 4.0,
      "count": 524211
    },
    "CARR.AverageLayersDl": {
      "min": 0.0,
      "max": 1.0,
      "p01": 0.0,
      "p99": 0.6333333253860474,
      "median": 0.0,
      "count": 524211
    },
    "RRU.MaxLayerDlMimo": {
      "min": 0.0,
      "max": 1.0,
      "p01": 0.0,
      "p99": 0.633333333,
      "median": 0.0,
      "count": 524211
    }
  },
  "ue_metrics": {
    "DRB.UEThpDl": {
      "min": 1.8199999729517913e-08,
      "max": 0.5471408367156982,
      "p01": 0.008120009060949087,
      "p99": 0.4011851561069492,
      "median": 0.1023826152086258,
      "count": 483887
    },
    "DRB.UEThpUl": {
      "min": 1.8199999729517913e-08,
      "max": 0.5471408367156982,
      "p01": 0.008097060956060886,
      "p99": 0.4011255687475205,
      "median": 0.0977134183049202,
      "count": 483887
    },
    "DRB.UECqiDl": {
      "min": 0.0,
      "max": 15.0,
      "p01": 0.0,
      "p99": 15.0,
      "median": 0.0,
      "count": 483887
    },
    "DRB.UECqiUl": {
      "min": 0.0,
      "max": 15.0,
      "p01": 0.0,
      "p99": 15.0,
      "median": 0.0,
      "count": 483887
    },
    "RRU.PrbUsedDl": {
      "min": 9.223433494567871,
      "max": 273.0,
      "p01": 10.960275478363037,
      "p99": 171.0500030517578,
      "median": 38.81833267211914,
      "count": 483887
    },
    "RRU.PrbUsedUl": {
      "min": 9.223433494567871,
      "max": 273.0,
      "p01": 10.960275478363037,
      "p99": 162.8249969482422,
      "median": 38.75,
      "count": 483887
    }
  },
  "metadata": {
    "creation_time": "2025-10-08T21:47:13.732696",
    "source": "VIAVI training dataset observations",
    "purpose": "Valid ranges for validation check"
  }
}