{
  "cadence_sec": 60.0,
  "ts_resolution_sec": 60.0,
  "prb_pct_decimals": {
    "RRU.PrbTotDl": 1,
    "RRU.PrbTotUl": 1
  },
  "energy_power_band": {
    "ratio_q1": 0.8239985601845116,
    "ratio_q3": 1.3511349674232438,
    "n": 524159
  },
  "ue_cell_thp_ratio": {
    "dl": {
      "q25": 0.9973224699497223,
      "q50": 1.0005678534507751,
      "q75": 1.0039172768592834,
      "n": 10080
    },
    "ul": {
      "q25": 0.997978076338768,
      "q50": 1.0013281106948853,
      "q75": 1.0047382414340973,
      "n": 10080
    }
  },
  "ue_cell_prb_ratio": {
    "dl": {
      "q25": 0.9926759004592896,
      "q50": 0.996034562587738,
      "q75": 0.9991690218448639,
      "n": 10080
    },
    "ul": {
      "q25": 0.9919064193964005,
      "q50": 0.9954462349414825,
      "q75": 0.9988762736320496,
      "n": 10080
    }
  },
  "prb_rule_slack_prb": {
    "tot_le_avail": {
      "dl": 0,
      "ul": 0
    },
    "used_le_tot": {
      "dl": 1,
      "ul": 1
    },
    "n": {
      "dl": 524211,
      "ul": 524211
    }
  },
  "accuracy_thp_per_prb_band": {
    "dl": {
      "q25": 0.26229946315288544,
      "q50": 2.2103445529937744,
      "q75": 3.4964061975479126,
      "n": 524211
    },
    "ul": {
      "q25": 0.03322106413543224,
      "q50": 2.2103259563446045,
      "q75": 3.4964061975479126,
      "n": 524211
    }
  },
  "accuracy_spectral_eff": {
    "per_prb_khz": 180.0,
    "dl_p99": 29.83240675555556,
    "ul_p99": 29.83227851851852,
    "abs_cap_global": 30.0
  },
  "metadata": {
    "created_at": "2025-10-06T11:35:21",
    "source": "Phase 1 training (self-calibrated)"
  }
}