{
  "cadence_sec": 60.0,
  "ts_resolution_sec": 60.0,
  "prb_pct_decimals": {
    "RRU.PrbTotDl": 1,
    "RRU.PrbTotUl": 1
  },
  "energy_power_band": {
    "ratio_q1": 0.5604303565651454,
    "ratio_q3": 1.6147031710426099,
    "n": 524159
  },
  "ue_cell_thp_ratio": {
    "dl": {
      "q25": 0.9973224699497223,
      "q50": 1.0005678534507751,
      "q75": 1.0039172768592834,
      "n": 10080
    },
    "ul": {
      "q25": 0.997978076338768,
      "q50": 1.0013281106948853,
      "q75": 1.0047382414340973,
      "n": 10080
    }
  },
  "ue_cell_prb_ratio": {
    "dl": {
      "q25": 0.9926759004592896,
      "q50": 0.996034562587738,
      "q75": 0.9991690218448639,
      "n": 10080
    },
    "ul": {
      "q25": 0.9919064193964005,
      "q50": 0.9954462349414825,
      "q75": 0.9988762736320496,
      "n": 10080
    }
  },
  "metadata": {
    "created_at": "2025-10-04T19:22:46",
    "source": "Phase 1 training (self-calibrated)"
  }
}