{
  "cadence_sec": 60.0,
  "ts_resolution_sec": 60.0,
  "prb_pct_decimals": {
    "RRU.PrbTotDl": 1,
    "RRU.PrbTotUl": 1
  },
  "energy_power_band": {
    "ratio_q1": 0.5416021987942367,
    "ratio_q3": 2.6442634248814376,
    "n": 524159
  },
  "ue_cell_thp_ratio": {
    "dl": {
      "q25": 0.9941396832466125,
      "q50": 1.0005678534507751,
      "q75": 1.0070892214775085,
      "n": 10080
    },
    "ul": {
      "q25": 0.9946876049041748,
      "q50": 1.0013281106948853,
      "q75": 1.0080788135528564,
      "n": 10080
    }
  },
  "ue_cell_prb_ratio": {
    "dl": {
      "q25": 0.9894830584526062,
      "q50": 0.996034562587738,
      "q75": 1.0024646043777465,
      "n": 10080
    },
    "ul": {
      "q25": 0.9885839939117431,
      "q50": 0.9954462349414825,
      "q75": 1.0022780895233154,
      "n": 10080
    }
  },
  "metadata": {
    "created_at": "2025-10-04T19:54:32",
    "source": "Phase 1 training (self-calibrated)"
  }
}