{
  "cadence_sec": 60.0,
  "ts_resolution_sec": 60.0,
  "prb_pct_decimals": {
    "RRU.PrbTotDl": 1,
    "RRU.PrbTotUl": 1
  },
  "energy_power_band": {
    "ratio_q1": 0.8239985601845116,
    "ratio_q3": 1.3511349674232438,
    "n": 524159
  },
  "ue_cell_thp_ratio": {
    "dl": {
      "q25": 0.9973224699497223,
      "q50": 1.0005678534507751,
      "q75": 1.0039172768592834,
      "n": 10080
    },
    "ul": {
      "q25": 0.997978076338768,
      "q50": 1.0013281106948853,
      "q75": 1.0047382414340973,
      "n": 10080
    }
  },
  "ue_cell_prb_ratio": {
    "dl": {
      "q25": 0.9926759004592896,
      "q50": 0.996034562587738,
      "q75": 0.9991690218448639,
      "n": 10080
    },
    "ul": {
      "q25": 0.9919064193964005,
      "q50": 0.9954462349414825,
      "q75": 0.9988762736320496,
      "n": 10080
    }
  },
  "prb_rule_slack_prb": {
    "tot_le_avail": {
      "dl": 0,
      "ul": 0
    },
    "used_le_tot": {
      "dl": 1,
      "ul": 1
    },
    "n": {
      "dl": 524211,
      "ul": 524211
    }
  },
  "accuracy_thp_per_prb_band": {
    "dl": {
      "q25": 1.164875477552414,
      "q50": 2.7137370109558105,
      "q75": 3.728099822998047,
      "n": 433820
    },
    "ul": {
      "q25": 1.1748812198638916,
      "q50": 2.716294527053833,
      "q75": 3.730297327041626,
      "n": 432993
    }
  },
  "accuracy_spectral_eff": {
    "per_prb_khz": 180.0,
    "dl_p99": 32.08205274074074,
    "ul_p99": 32.08212860439155,
    "abs_cap_global": 30.0,
    "abs_cap_by_band": {
      "B2": 25.0,
      "B13": 25.0,
      "N77": 30.0
    },
    "dl_p99_by_band": {
      "B13": 32.34655762962963,
      "B2": 29.74343288888889,
      "N77": 3.005280303767286
    },
    "ul_p99_by_band": {
      "B13": 32.34655762962963,
      "B2": 29.73781242580732,
      "N77": 0.3057001622557108
    }
  },
  "metadata": {
    "created_at": "2025-11-07T12:32:26",
    "source": "Phase 1 training (self-calibrated)"
  }
}