{
  "good_is_high": true,
  "round_ndecimals": 2,
  "keep_cols_": [
    "timeliness_mpr",
    "completeness_mpr",
    "validity_mpr",
    "consistency_mpr",
    "accuracy_mpr"
  ],
  "col_means_": [
    0.9839529526658333,
    0.9058142840904447,
    0.7912846258269083,
    0.808835626623898,
    0.8985080819654889
  ],
  "col_stds_": [
    0.0064055387623266425,
    0.012292138395921788,
    0.02869138717602833,
    0.03246043577733276,
    0.019950340953493736
  ],
  "pc1_vec_": [
    -0.05629079509671606,
    -0.5269215658998263,
    -0.512164518855043,
    -0.5002379273995508,
    -0.4545707111044859
  ],
  "pc1_mu_": 9.35647747237891e-16,
  "pc1_sd_": 1.745029525261083
}