{
  "good_is_high": true,
  "round_ndecimals": 2,
  "keep_cols_": [
    "timeliness_mpr",
    "completeness_mpr",
    "validity_mpr",
    "consistency_mpr",
    "accuracy_mpr"
  ],
  "col_means_": [
    0.9997182686975505,
    0.9960471168027364,
    0.9970195423428247,
    0.9959193047963997,
    0.9946881649818049
  ],
  "col_stds_": [
    0.0010287351056271015,
    0.0031762926617508714,
    0.0036112586139393165,
    0.003995195730197073,
    0.0026302768477184423
  ],
  "pc1_vec_": [
    -0.225799822765137,
    -0.5644863588182785,
    -0.5330524813913535,
    -0.5290927113246082,
    -0.2574597942456458
  ],
  "pc1_min_": null,
  "pc1_max_": null
}