{
  "good_is_high": true,
  "round_ndecimals": 2,
  "keep_cols_": [
    "timeliness_mpr",
    "completeness_mpr",
    "validity_mpr",
    "consistency_mpr",
    "accuracy_mpr"
  ],
  "col_means_": [
    0.9523752607868885,
    0.9913270351255827,
    0.9841291415677657,
    0.9706168165365913,
    0.987991780330344
  ],
  "col_stds_": [
    0.03395360486020086,
    0.005054787497033521,
    0.012029120375103897,
    0.02112920379486366,
    0.006560938226682041
  ],
  "pc1_vec_": [
    -0.3221077295720523,
    -0.4675466177386606,
    -0.48220373100369956,
    -0.4869928488401901,
    -0.4560310272072552
  ],
  "pc1_mu_": -1.1227633105013195e-14,
  "pc1_sd_": 1.9763395104874963,
  "loadings_": [
    -0.3221077295720523,
    -0.4675466177386606,
    -0.48220373100369956,
    -0.4869928488401901,
    -0.4560310272072552
  ],
  "explained_variance_ratio_": 0.7811835721427913
}