{
  "good_is_high": true,
  "round_ndecimals": 2,
  "keep_cols_": [
    "timeliness_mpr",
    "completeness_mpr",
    "validity_mpr",
    "consistency_mpr",
    "accuracy_mpr"
  ],
  "col_means_": [
    1.0,
    0.9992212180522962,
    0.9975775724385779,
    0.999204690146902,
    0.994392382512967
  ],
  "col_stds_": [
    1e-09,
    0.0009230606486672695,
    0.0027472371457287637,
    0.0016999816117535173,
    0.0027868784125666375
  ],
  "pc1_vec_": [
    0.0,
    -0.5489012733715528,
    -0.5776619975333889,
    -0.5030022786074357,
    -0.33466806900651785
  ],
  "pc1_min_": -1.8811937961771128,
  "pc1_max_": 8.679754710155622
}