{
  "good_is_high": true,
  "round_ndecimals": 2,
  "keep_cols_": [
    "timeliness_mpr",
    "completeness_mpr",
    "validity_mpr",
    "consistency_mpr",
    "accuracy_mpr"
  ],
  "col_means_": [
    0.9824907561390033,
    0.9766509531724724,
    0.9650858777655613,
    0.9612138546070097,
    0.9855471261300185
  ],
  "col_stds_": [
    0.008424190643939697,
    0.006897756081023252,
    0.011356293819819377,
    0.01220854436803203,
    0.006049465980041623
  ],
  "pc1_vec_": [
    -0.25026647576935773,
    -0.5248407044060895,
    -0.5039011102809483,
    -0.5036324349527788,
    -0.3928701663726437
  ],
  "pc1_mu_": 2.199745073095708e-14,
  "pc1_sd_": 1.7325574260663563,
  "loadings_": [
    -0.25026647576935773,
    -0.5248407044060895,
    -0.5039011102809483,
    -0.5036324349527788,
    -0.3928701663726437
  ],
  "explained_variance_ratio_": 0.600351046923535
}