{
  "good_is_high": true,
  "round_ndecimals": 2,
  "keep_cols_": [
    "timeliness_mpr",
    "completeness_mpr",
    "validity_mpr",
    "consistency_mpr",
    "accuracy_mpr"
  ],
  "col_means_": [
    0.9730162895155502,
    0.9623032534993472,
    0.9587195892503555,
    0.9349277781217109,
    0.9755723814504759
  ],
  "col_stds_": [
    0.02310945278628995,
    0.01671763232480833,
    0.024708218702998774,
    0.043815304387852375,
    0.016445635236721042
  ],
  "pc1_vec_": [
    -0.2093736504897815,
    -0.4289216962345742,
    -0.5123541087453876,
    -0.5265561470305358,
    -0.48210034666645374
  ],
  "pc1_mu_": -1.36133336522066e-15,
  "pc1_sd_": 1.7450129744656906,
  "loadings_": [
    -0.2093736504897815,
    -0.4289216962345742,
    -0.5123541087453876,
    -0.5265561470305358,
    -0.48210034666645374
  ],
  "explained_variance_ratio_": 0.6090140562107194
}