{
  "good_is_high": true,
  "round_ndecimals": 2,
  "keep_cols_": [
    "timeliness_mpr",
    "completeness_mpr",
    "validity_mpr",
    "consistency_mpr",
    "accuracy_mpr"
  ],
  "col_means_": [
    0.9357050993960461,
    0.9778399044403249,
    0.9668788560138242,
    0.9372496324171398,
    0.9798798404822556
  ],
  "col_stds_": [
    0.0386624145479682,
    0.011168877752139336,
    0.021840289387475884,
    0.039087100411116814,
    0.01288099597530856
  ],
  "pc1_vec_": [
    -0.30986942899413866,
    -0.4648799984207834,
    -0.4811981544033293,
    -0.4979753305302415,
    -0.45643885726925704
  ],
  "pc1_mu_": -1.5191691177100119e-15,
  "pc1_sd_": 1.916074388785724,
  "loadings_": [
    -0.30986942899413866,
    -0.4648799984207834,
    -0.4811981544033293,
    -0.4979753305302415,
    -0.45643885726925704
  ],
  "explained_variance_ratio_": 0.734268212672117
}